{"base_lr": 3.555600000000001e-05, "lr": 3.555600000000001e-05, "data_time": 1.2310293197631836, "loss": 3.0215003490448, "loss_cls": 2.3482456684112547, "loss_bbox": 0.6732546806335449, "time": 1.665785789489746, "epoch": 1, "iter": 5, "memory": 1434, "step": 5}
{"base_lr": 8.000000000000005e-05, "lr": 8.000000000000005e-05, "data_time": 0.7931800127029419, "loss": 2.935736894607544, "loss_cls": 2.2518704295158387, "loss_bbox": 0.6838664770126343, "time": 1.0658216953277588, "epoch": 1, "iter": 10, "memory": 1434, "step": 10}
{"base_lr": 8.000000000000005e-05, "lr": 8.000000000000005e-05, "data_time": 0.6534181435902914, "loss": 2.949817498524984, "loss_cls": 2.282391142845154, "loss_bbox": 0.6674263874689738, "time": 0.869943380355835, "epoch": 1, "iter": 15, "memory": 1434, "step": 15}
{"base_lr": 8.000000000000005e-05, "lr": 8.000000000000005e-05, "data_time": 0.622795045375824, "loss": 2.9485527515411376, "loss_cls": 2.295143097639084, "loss_bbox": 0.653409680724144, "time": 0.8166808009147644, "epoch": 1, "iter": 20, "memory": 1434, "step": 20}
{"base_lr": 8.000000000000005e-05, "lr": 8.000000000000005e-05, "data_time": 0.5734955692291259, "loss": 2.9386769771575927, "loss_cls": 2.2861927461624147, "loss_bbox": 0.6524842596054077, "time": 0.7518751049041748, "epoch": 1, "iter": 25, "memory": 1434, "step": 25}
{"base_lr": 8.000000000000005e-05, "lr": 8.000000000000005e-05, "data_time": 0.5695287545522054, "loss": 2.9401553948720296, "loss_cls": 2.291713774204254, "loss_bbox": 0.6484416355689366, "time": 0.7355748097101847, "epoch": 1, "iter": 30, "memory": 1434, "step": 30}
{"base_lr": 8.000000000000005e-05, "lr": 8.000000000000005e-05, "data_time": 0.5291307176862444, "loss": 2.9619633265904017, "loss_cls": 2.3308453662054878, "loss_bbox": 0.6311179757118225, "time": 0.6875299181256975, "epoch": 1, "iter": 35, "memory": 1434, "step": 35}
{"base_lr": 8.000000000000005e-05, "lr": 8.000000000000005e-05, "data_time": 0.5271741628646851, "loss": 2.970403176546097, "loss_cls": 2.3474825114011764, "loss_bbox": 0.6229206830263138, "time": 0.6818244874477386, "epoch": 1, "iter": 40, "memory": 1434, "step": 40}
{"base_lr": 8.000000000000005e-05, "lr": 8.000000000000005e-05, "data_time": 0.5049913035498725, "loss": 2.9729927274915906, "loss_cls": 2.3554052299923365, "loss_bbox": 0.6175875167051951, "time": 0.656289996041192, "epoch": 1, "iter": 45, "memory": 1434, "step": 45}
{"base_lr": 8.000000000000005e-05, "lr": 8.000000000000005e-05, "data_time": 0.5136342573165894, "loss": 2.979387698173523, "loss_cls": 2.3698243856430055, "loss_bbox": 0.6095633262395859, "time": 0.6609264755249024, "epoch": 1, "iter": 50, "memory": 1434, "step": 50}
{"base_lr": 8.000000000000005e-05, "lr": 8.000000000000005e-05, "data_time": 0.43798398971557617, "loss": 2.9756717586517336, "loss_cls": 2.37659903049469, "loss_bbox": 0.5990727359056472, "time": 0.5542617082595825, "epoch": 1, "iter": 55, "memory": 1434, "step": 55}
{"base_lr": 8.000000000000005e-05, "lr": 8.000000000000005e-05, "data_time": 0.4713534641265869, "loss": 3.0088662481307984, "loss_cls": 2.433956925868988, "loss_bbox": 0.574909331202507, "time": 0.5919395971298218, "epoch": 1, "iter": 60, "memory": 1434, "step": 60}
{"base_lr": 8.000000000000005e-05, "lr": 8.000000000000005e-05, "data_time": 0.47349741458892824, "loss": 3.0216047763824463, "loss_cls": 2.457957098484039, "loss_bbox": 0.5636476755142212, "time": 0.5940413761138916, "epoch": 1, "iter": 65, "memory": 1434, "step": 65}
{"base_lr": 8.000000000000005e-05, "lr": 8.000000000000005e-05, "data_time": 0.47404064655303957, "loss": 3.0303940200805664, "loss_cls": 2.471534955501556, "loss_bbox": 0.5588590657711029, "time": 0.5925831508636474, "epoch": 1, "iter": 70, "memory": 1434, "step": 70}
{"base_lr": 8.000000000000005e-05, "lr": 8.000000000000005e-05, "data_time": 0.4689204788208008, "loss": 3.043369703292847, "loss_cls": 2.4915880227088927, "loss_bbox": 0.5517816758155822, "time": 0.5859697723388672, "epoch": 1, "iter": 75, "memory": 1434, "step": 75}
{"base_lr": 8.000000000000005e-05, "lr": 8.000000000000005e-05, "data_time": 0.46823390007019045, "loss": 3.061335244178772, "loss_cls": 2.5223992753028868, "loss_bbox": 0.538935974240303, "time": 0.5870786237716675, "epoch": 1, "iter": 80, "memory": 1434, "step": 80}
{"base_lr": 8.000000000000005e-05, "lr": 8.000000000000005e-05, "data_time": 0.4798130464553833, "loss": 3.08196891784668, "loss_cls": 2.555295612812042, "loss_bbox": 0.5266733086109161, "time": 0.5983893156051636, "epoch": 1, "iter": 85, "memory": 1434, "step": 85}
{"base_lr": 8.000000000000005e-05, "lr": 8.000000000000005e-05, "data_time": 0.4595094442367554, "loss": 3.098856496810913, "loss_cls": 2.5878364062309265, "loss_bbox": 0.511020092368126, "time": 0.5750593900680542, "epoch": 1, "iter": 90, "memory": 1434, "step": 90}
{"base_lr": 8.000000000000005e-05, "lr": 8.000000000000005e-05, "data_time": 0.46613709449768065, "loss": 3.105437145233154, "loss_cls": 2.6039913487434387, "loss_bbox": 0.5014457935094834, "time": 0.5823128080368042, "epoch": 1, "iter": 95, "memory": 1434, "step": 95}
{"base_lr": 8.000000000000005e-05, "lr": 8.000000000000005e-05, "data_time": 0.448911566734314, "loss": 3.0924019813537598, "loss_cls": 2.591079318523407, "loss_bbox": 0.5013226616382599, "time": 0.5640755271911622, "epoch": 1, "iter": 100, "memory": 1434, "step": 100}
